,,,,,,,,,,,,,,,,,,,,,,,,,
,,SCHOOL REACH PROGRAM - DAILY VISIT REPORT,,,,,,,,,,,,,,,,,,,,,,,
Entry Timestamp,Visit Date,Executive Name,School Name,School Address / Area,Approx. No. of Students,Name of Person Met,Role / Designation,Role - Other / Specify,Contact Number / Phone,Email / Alternate Contact,Purpose / Program Pitched,Program Conducted?,Program Conducted - Specify,Lead Status,Follow-up Count,Follow-up 1 Date,Follow-up 2 Date,Follow-up 3 Date,Next Follow-up Date,Next Action,Final Outcome / Status,No. of KM Travelled,Amount Spent (₹),Remarks / Key Discussion,Next Action / Important Notes
19/08/2026 16:14,19/08/2026,Manikandan,DAV BOYS SENIOR SECONDARY SCHOOL,"120 Feet Road, Anna Nagar W Ext Rd, Mogappair, Chennai, Tamil Nadu 600050",,,,Admin Staff and Smt. S. Nandhini (principal),044-2453297,boys.mogappair@davchennai.org,Career Guidance,No,,Warm,,,,,24/08/2026,Call,Follow-up Required,,,waiting for correspondent approval ,next followup on monday principal not available
19/08/2026 16:14,19/08/2026,Peter,Dr. K. K. Nirmala Girls Higher Secondary School,"Sector 10, Sector 13, Ashok Nagar, Chennai, Greater Chennai, Tamil Nadu 600083",150,sis.shanthi ,Principal,Commerce Head Irin:9840501037,9345346586,kknirmala2009@gmail.com,Scholarship Exam,No,,Cold,,,,,,Send Proposal,Follow-up Required,12,0,she will let us know regarding the scholarship exam cause have to get approval from government and this school is running by government and she denied awarness  event ..,RNR on 24 aug
19/08/2026 16:14,19/08/2026,Peter,ANJUMAN,"No: 16, Dr B.N. Reddy Rd, off Vijayaraghava Road, Lakshimi Colony, T. Nagar, Chennai, Greater Chennai, Tamil Nadu 600017",75,Hemalatha ,Principal,,8825480090     9962300000,amhsschool@anjhimayath.com,Career Guidance,No,,Warm,,,,,,Send Proposal,Follow-up Required,5,0,"very positive , she will talk to her managemnet and let us know regarding to conduct both career guidance and talent exam ..",
19/08/2026 16:14,19/08/2026,Peter,Arbol international,"7/2, Chari St, T. Nagar, Chennai, Greater Chennai, Tamil Nadu 600017",,,Other,security,7305341125,admin@akshararbol.edu.in,,No,,Cold,,,,,20/08/2026,Proposal sent ,Follow-up Required,3.1,,,without appointment they will not allow inside the campus even to meet admin also ...
19/08/2026 16:14,19/08/2026,Peter,Holy Angels Anglo Indian Higher Secondary School,"26RR+FM2, Sir Thyagaraya Rd, T. Nagar, Chennai, Greater Chennai, Tamil Nadu 600017",,,Admin,,4428152505,holyangelsfmm@yahoo.co.in,,No,,Cold,,,,,20/08/2026,Proposal sent ,Follow-up Required,2,,,princiapl not available so  have to share mail 
19/08/2026 16:14,19/08/2026,Peter,Vidyodaya Schools,"No.1, Thirumalai Pillai Rd, Gangai Karai Puram, T. Nagar, Chennai, Greater Chennai, Tamil Nadu 600017",,Manju ,Admin,,4482340202,Vma@vidyodayaschools.in,Scholarship Exam,No,,Cold,,,,,20/08/2026,Proposal sent ,Follow-up Required,2.3,,,princiapl not available so  have to share mail 
19/08/2026 16:14,19/08/2026,Peter,Princess school,"37X6+VPX, 110, Pulianthope High Road, Pattalam, Choolai, Chennai, Greater Chennai, Tamil Nadu 600012",85,zakkir hussain,Correspondent,,9123505146,,Career Guidance,No,,Warm,,program confirmed call back sep 4th for date conformation,,,,Send Proposal,Interested,9,,"Ready for both event ,have to call on after 25th aug to confirm the event date for career guidance ..",ready for career guidance program call by next week sep5th
19/08/2026 16:14,19/08/2026,Peter,Measi school ,"53, Angappa Naicken St, Seethakadi Nagar, George Town, Chennai, Greater Chennai, Tamil Nadu 600001",150,sheik ,Director,Ashraf: Manager ,9444078584,,Career Guidance,Yes,,CONDUCTED,,,,,,Send Proposal,Interested,7,,call tomorrow for updates on 29th aug,intrested to conduct career guidance on 31st Aug at 2 pm and have to co ordinate with the manager 
27/08/2026 10:29,11-08-2026,Pandurangan,LOYALO INTERNATIONAL RESIDENTIAL SCHOOL,SRIPERUMBUDUR,,PRINCIPAL,,,7299008423,,Career Guidance,No,Oct 17,Cold,,,,,,,Not Interested,,,Not interested ,
27/08/2026 10:29,11-08-2026,Pandurangan,"ST MARYS MATRIC HR SEC SCHOOL,SRIPERUMBUDUR",SRIPERUMBUDUR,,PRINCIPAL,Principal,,7082022969,,Career Guidance,No,,Warm,,,,,OCTOBER,,,,,,
27/08/2026 10:29,11-08-2026,Pandurangan,"HAYAGRIVA VIDHYASHRAM SCHOOL,SRIPERUMBUDUR",SRIPERUMBUDUR,,PRINCIPAL,Principal,,,,Career Guidance,No,,Cold,,,,,,,,,,"PRINCIPAL IS CURRENTLY OUT OF STATION,THEY WILL BE ABLE AT 3 PM TODAY",
27/08/2026 10:29,11-08-2026,Pandurangan,"VIVEKANANDA VIDYALAYA MATRIC HR SEC SCHOOL,SRIPERUMBUDUR",SRIPERUMBUDUR,350,KALAIVANI,Principal,,9994735611,,Career Guidance,No,SEPT END,Warm,,21/09/2026,,,SEPT MID,,,,,"POSITIVE RESPONSE,DISCUSSED WITH PRINCIPAL,NEXT WEEK WILL UPDATE THE CONFIRMATION.","spoke with mam, conform permission oct month or nov month , once recalls oct month"
27/08/2026 10:29,11-08-2026,Pandurangan,"ST JOSEPHS HIGHER SECONDARY SCHOOL,SRIPERUMBUDUUR",SRIPERUMBUDUR,,PRINCIPAL,Principal,,9444448734,,Career Guidance,No,,Cold,,,,,NEXT WEEK,,,,,"POSITIVE RESPONSE,DISCUSSED WITH PRINCIPAL,NEXT WEEK WILL UPDATE THE CONFIRMATION.",
27/08/2026 10:29,11-08-2026,Pandurangan,"RYAN INTERNATIONAL  SCHOOL,SRIPERUMBUDUR",SRIPERUMBUDUR,,NINA,Admin,,9962014011,,Career Guidance,No,,Cold,,,,,,,,,,"PRINCIPAL OUT OF STATION,SENT THE MAIL COMMUNICATION THROUGH THIS MAIL-Ris.chennai@ryangroup.org",
27/08/2026 10:39,12-08-2026,Pandurangan,"SPARTAN INTERNATIONAL SCHOOL,POONAMALLEE",POONAMALLEE,,,,,,,Career Guidance,No,,Warm,,,,,,,,,,Got permission-Orientation date - October month-Will confirm the date.,
27/08/2026 10:39,12-08-2026,Pandurangan,"JAYA JAYA SANKARA INTERNATIONAL SCHOOL,POONAMALLEE",POONAMALLEE,,PROGRAM COORDINATOR,,,9976056907,,Career Guidance,No,OCTOBER MONTH,Warm,,,,,,,,,,Once discussion with management check available date and confirm .,"spoke with mam, conform permission oct month or nov month , once recalls oct month"
27/08/2026 10:39,12-08-2026,Pandurangan,"MSJM HINDU VIDHYALAYAA MATRIC HR SEC SCHOOL,POONAMALLEE",POONAMALLEE,,SUMATHIVASAN,Principal,,9840518026,,Career Guidance,No,,Warm,,27/09/2026,,,,Schedule Career Guidance,Program Discussion Ongoing,,,"Got permission,Once check the available date and confirm,Planning to contact the orientation program next month","exam going on , so call back sept month last week call back"
27/08/2026 10:39,12-08-2026,Pandurangan,"HOLY CRESCENT MATRIC HR SEC SCHOOL,POONAMALEE",POONAMALLEE,,ANNAMALAI,Vice Principal,,9566980170,,Career Guidance,No,NEXT MONTH,Warm,,,,,,,,,,"October month contact the orientation program. 
",
27/08/2026 10:39,12-08-2026,Pandurangan,"JOSEPH VIDHYA KSHETRA SENIOR SECONDARY SCHOOL, POONAMALLEE",POONAMALLEE,,OFFICE NUMBER,,,9444290714,josephkspetri2021@gmail.com,Career Guidance,No,OCTOBER MONTH,Warm,,,,,,,,,,"Got permission,September month will be contact the orientation program. Once confirm with date",
27/08/2026 10:39,12-08-2026,Pandurangan,"SAROJINI VARADAPPAN GIRLS HR SEC SCHOOL, POONAMALLEE",POONAMALLEE,,,Principal,,8124302266,,Career Guidance,No,SEPTEMBER,Warm,,,,,,,,,,"I met the Principal regarding the Career Guidance Program. Since it is a Government-aided school, they informed me that permission from the Government Education Office/CEO is required. They said they cannot give permission without the approval. The Principal also mentioned that they will discuss it with the concerned officials and let us know. :::",
27/08/2026 10:39,12-08-2026,Pandurangan,"SUNDAR MATRIC HR SEC SCHOOL,POONAMALLEE",POONAMALLEE,,,,,,,Career Guidance,No,,Cold,,,,,,,,,,"Principal was busy with office meeting, the staff requested me to visit again next week to meet the principal.",
27/08/2026 10:39,12-08-2026,Pandurangan,"SRI ARABHINDO MATRIC HR SEC SCHOOL, MALAYAMBAKKAM",POONAMALLEE,,,Principal,,9080672501,,Career Guidance,No,,Cold,,,,,,,,,,"Principal was busy with office meeting and sports day, the staff requested me to visit again next week to meet the principal.",
27/08/2026 10:39,12-08-2026,Pandurangan,SANA MODEL SCHOOL,POONAMALLEE,,,,,,,Career Guidance,No,,Cold,,,,,,,,,,"Principal out of station, The staff requested me to visit coming Friday to meet the principal",
27/08/2026 11:00,13-08-2026,Kingsten,CHRIST KING MAT HR SEC SCHOOL (Orientation Program Completed),THIRUVALLUR,,JULITH - PRINCIPAL,Principal,,9047895070,,Career Guidance,Yes,21 August,CONDUCTED,,,,,,,,,,Got permission Orientation program on next week Friday (21st August 2026) Afternoon 2'clock.,
27/08/2026 11:00,13-08-2026,Kingsten,"CHELLAMAL VIDYALAYA MAT HR SCHOOL 
 (Orientation Program Completed)",THIRUVALLUR,,VENKATESWARI - PRINCIPAL,Principal,,9597002530,,Career Guidance,Yes,29 August,CONDUCTED,,,,,,,,,,Discussed with principal.  Got permission Orientation program on next month Friday (29th August 2026),
27/08/2026 11:00,13-08-2026,Kingsten,JACOB MATRICULATION HR SEC SCHOOL,THIRUVALLUR,,PRATHAP,,,8489923320,,Career Guidance,No,OCTOBER 1ST WEEK,Hot,,,,,,,,,,"Got Permission.October First week plan to conduct orientation program , Plan to conduct big guidance program",
27/08/2026 11:00,13-08-2026,Kingsten,SHREE NIKETHAN MAT SCHOOL ,THIRUVALLUR,,RECEPTION,Admin,,"9942927117 , Sundar Principal Secretary - 8098608131",,Career Guidance,No,OCTOBER 1ST WEEK,Warm,,,,,,,,,,"September month plan to conduct Orientation program.Date will update by September first week.
Meet vp Mrs. kavitha - 9942927117 . 
Program conformed , date will b updated on Thursday",
27/08/2026 11:00,13-08-2026,Kingsten,SRI RM JAIN VIDYAPEETH CBSE SCHOOL,THIRUVALLUR,,LAVANYA PRINCIPAL SECRETARY,Secretary,,8056759743,,Career Guidance,No,SEPT MONTH MID,Warm,,,,,,,,,,"Discussed with CBSE principal secretary,Got permission They are requested to send the speaker profile 170+ strength",
27/08/2026 11:00,13-08-2026,Kingsten,SRI RM JAIN VIDYAPEETH MAT HR SCHOOL,THIRUVALLUR,,KAVITHA PRINCIPAL,Principal,,9566738889,,Career Guidance,No,,Warm,,,,,,,,,,"Got Permission,Same time as given CBSE school as September mid. 80+ STUDENT",
27/08/2026 11:00,13-08-2026,Kingsten,ABS GLOBAL SMART SCHOOL,THIRUVALLUR,,PARIMALA,,,9600048361,,Career Guidance,No,,Warm,,,,,,,,,,"Discussed with AO. Tomorrow get update when will conduct the date of orientation program.
Conveyed msg to principal . He s in onam celebration. 
Tomorrow recp Parimala 9600048361 will fix appointment with principal.",
27/08/2026 11:11,14-08-2026,Ajith Kumar,OXFORD PUBLIC SCHOOL,THIRUNINRAVUR,,HARINI - PRINCIPAL,,,9940051140,,Career Guidance,No, ,Hot,,,,,,,,,,Discussed with principal ma'am.Got permission to conduct the program on 2nd or 3rd of October.,
27/08/2026 11:12,14-08-2026,Ajith Kumar,OXFORD MAT HR SEC SCHOOL,THIRUNINRAVUR,,RAJESH - PRINCIPAL,,,9789170500,,Career Guidance,No,October 1st,Warm,,,,,,,,,,Discussed with principal .Got permission to conduct the program at the end of September or 1st week of October,
27/08/2026 11:12,14-08-2026,Ajith Kumar,ST CLARET MAT HR SEC SCHOOL,THIRUNINRAVUR,,,,,,,Career Guidance,No,,Cold,,,,,,,,,,The principal struck with a busy schedule due to functions. They will update next week after that again we need to meet the principal regarding the program. Have possibilities to conduct the  program once we meet the principal.,
27/08/2026 11:12,14-08-2026,Ajith Kumar,ST JOHN'S MAT HR SEC SCHOOL,THIRUNINRAVUR,,,,,,,Career Guidance,No,,Warm,,,,,,,,,,Discussed with management. Almost got the permission on October 1st week. But still they need to discuss with the correspondent and let us know the exact date to conduct the program.,
27/08/2026 11:12,14-08-2026,Ajith Kumar,JAYA MAT HR SEC SCHOOL,THIRUNINRAVUR,,,,,9445209395,,Career Guidance,No,,Warm,,,,,,,,,,Discussed with the Head of the department (Jaya college). got the permission .She needs to check and discuss with management and update the date to conduct the program,
27/08/2026 11:12,14-08-2026,Ajith Kumar,JAYA PUBLIC SCHOOL,THIRUNINRAVUR,,HOD,,,9445209395,,Career Guidance,No,,Warm,,,,,,,,,,Discussed with the Head of the department (Jaya college). got the permission .She needs to check and discuss with management and update the date by next week,
27/08/2026 11:12,14-08-2026,Ajith Kumar,GRACE PARK CONVENT MAT HR SEC SCHOOL,THIRUNINRAVUR,,,,,,,Career Guidance,No,,Warm,,,,,,,,,,"Principal's not available. Principal and other office staff are available on Monday only. This Grace school is joined with Jaya groups, already we got permission in Jaya school so probably we have possibilities to get permission in this school.",
27/08/2026 11:23,18-08-2026,Kingsten,VELAMMAL VIDHYALAYA,AVADI,,BANU-RECEPTION,Admin,,9790838999,,Career Guidance,No,,Cold,,,,,,,,,,,
27/08/2026 11:24,18-08-2026,Kingsten,SUDHARSANAM VIDHYASHARAM,AVADI,,,,,,,,,,Cold,,,,,,,,,,,
27/08/2026 11:24,18-08-2026,Kingsten,VIJAYANTA MODEL HIGHER SECONDARY SCHOOL,AVADI,345,brindhu,Vice Principal,,,,,,11th sep program,Hot,,,,,,,Program Confirmed,,,Got Permission. They need beerow under 10k range,
27/08/2026 11:24,18-08-2026,Kingsten,VIJYANTA SENIOR SECONDARY SCHOOL,AVADI,130,,Principal,,,,,,7th sep call back,Hot,,,,,,,,,,Got Permission. They need camera sponser 20k. but 5k is okay.,
27/08/2026 11:24,18-08-2026,Kingsten,SB VIJAYA REDDIAR SCHOOL,AVADI,50+,,,,,,Career Guidance,No,sep 7th to 11th program ,Hot,,,,,,,,,,,
27/08/2026 11:24,18-08-2026,Kingsten,IMMACULATE  GIRLS HIGHER SECONDARY SCHOOL,AVADI,600+,Sister Ananthi ,Principal,,8056083561,,Career Guidance,No,Oct 10th before,Hot,,,,,call back october 5th,,Program Confirmed,,,Got Permission. October month program planned,
27/08/2026 11:24,18-08-2026,Kingsten,JAIGOPAL ,AVADI,,,,,,,,,,Cold,,,,,,,,,,Principal struck with busy,
27/08/2026 11:51,20-08-2026,Ajith Kumar,ST MARYS GIRLS HR SEC SCHOOL ,CHENGALPATTU,,,,,,,,,,Cold,,,,,,,,,,The principal and HM is not available. They went for program. They requested to visit again after 1 month,
27/08/2026 11:52,20-08-2026,Ajith Kumar,ST MARY'S MAT HR SEC SCHOOL,CHENGALPATTU,,Roona mary,Principal,,9626023816,,Career Guidance,,,Warm,,December 1st week,,,,,,,,Discussed with principal ma'am. *Got permission*. They will discuss with management and then update the date to conduct the program.,
27/08/2026 11:52,20-08-2026,Ajith Kumar,"ST JOSEPHS HIGHER SECONDARY SCHOOL,SRIPERUMBUDUUR",CHENGALPATTU,,,,,,,,,,Cold,,,,,,,,,,"Discussed with principal. They were not allowed other college programs. 
They made us wait for one and a half hours.",
27/08/2026 11:52,20-08-2026,Ajith Kumar,SDA MAT HR SEC SCHOOL,CHENGALPATTU,,,Admin,,044 2742 3357,,Career Guidance,,,Warm,,,,,,,,,,The Principal is not available. Discussed with HM almost Got the permission . They need to discuss with the principal and then update the exact date.Need to visit again.,
27/08/2026 11:52,20-08-2026,Ajith Kumar,CSI ST COLAMBAS HR SEC SCHOOL,CHENGALPATTU,,Fransis,Other,AHM,7305929030,,Career Guidance,,,Warm,,October 1st week,,,,Schedule Career Guidance,Program Discussion Ongoing,,,Got permission on 1st week of october ,
27/08/2026 11:52,20-08-2026,Ajith Kumar,SRI RAMAKRISHNA MISSION VIDYALAYA HR SEC SCHOOL,CHENGALPATTU,,Sathish ,Vice Principal,,9698054678,,Career Guidance,,,Warm,,,,,,,, ,,,
27/08/2026 11:52,20-08-2026,Ajith Kumar,SRI RAMAKRISHNA MISSION VIDYALAYA GIRLS HR SEC SCHOOL,CHENGALPATTU,,,Other,Head master,9444040891,,,,,Cold,,,,,,,,,,,
27/08/2026 11:52,20-08-2026,Ajith Kumar,SRI RAMAKRISHNA MISSION VIDYALAYA BOYS HR SEC SCHOOL,CHENGALPATTU,,Parthasarathi,Principal,,9842254399,,Career Guidance,,,Warm,,3rd sep,,,,Follow up with Principal,,,,Spoke with HM have function on 2nd and 3rd sep. So maybe 4th or 5th sep can contact the program,
27/08/2026 11:52,20-08-2026,Ajith Kumar,CSI ALISON CASSIE MATRIC SCHOOL,CHENGALPATTU,,Jemima ,Other,AHM,9894550689,,Career Guidance,,,Warm,,,,,,,,,,,
27/08/2026 11:52,20-08-2026,Ajith Kumar,CSI ST HILDAS AND ST HUGHS MATRIC HR SEC SCHOOL,CHENGALPATTU,,,,,,,,,,Cold,,,,,,Follow up with Principal,,,,,
27/08/2026 13:24,21-08-2026,Ajith Kumar,ANNAI SARASWATHI MATRIC HR SEC SCHOOL,THIRUVALLUR,,Naresh ,Principal,,9994545680,,Career Guidance,,,Warm,,October ,,,,,,,,,
27/08/2026 13:24,21-08-2026,Ajith Kumar,ST ANNES MATRIC HR SEC SCHOOL,THIRUVALLUR,,,,,,,,,,Cold,,,,,,,,,,,
27/08/2026 13:24,21-08-2026,Ajith Kumar,BHARATHIDASAN MAT HR SEC SCHOOL,THIRUVALLUR,,Rajesh,Admin,,9597328312,,Career Guidance,,,Warm,,October last week,,,,Discuss with Management,,,,"Almost Got the permission October last week, need to confirm the date with correspondent.",
27/08/2026 13:24,21-08-2026,Ajith Kumar,CSI GOUIDE HR SEC SCHOOL,THIRUVALLUR,,,,,,,,,,Cold,,,,,,,,,,Revisit,
27/08/2026 13:24,21-08-2026,Ajith Kumar,DRBCCC HR SEC SCHOOL,THIRUVALLUR,,,,,,,,,,Cold,,,,,,,,,,Revisit ,
27/08/2026 13:24,24-08-2026,Ajith Kumar,SCAD WORLD SCHOOL,CHENGALPATTU,32,Jothi,Admin,,9841768659,,Career Guidance,,,Warm,,,,,,,,,,,
27/08/2026 13:24,24-08-2026,Ajith Kumar,VIDHYA SAGAR GLOBAL SCHOOLL,CHENGALPATTU,,,,,,,,,,Cold,,,,,,,,,,,
27/08/2026 13:24,24-08-2026,Ajith Kumar,PRASAN VIDYA MANDIR,CHENGALPATTU,,,Admin,,9841097708,,Career Guidance,,,Warm,,,,,,,,,,Discussed with Admin staff. Usually they conduct yearly once Expo for this kind of orientation program.Once they confirm that schedule they will update us to put a stall in that EXPO.,
27/08/2026 13:24,24-08-2026,Ajith Kumar,ST JOSEPHS MATRIC HR SEC SCHOOL,CHENGALPATTU,,  ,Admin,,8098543494,,Career Guidance,,,Warm,,October 1st week,,,,Follow up with Principal,,,,Discussed with the principal sir. Got permission on October 1st week,
27/08/2026 13:24,24-08-2026,Ajith Kumar,LITTLE JACKY MATRIC HR SEC SCHOOL,CHENGALPATTU,,Renuka Devi,Principal,,9626708228,,Career Guidance,,,Warm,,October 1st week,,,,Follow up with Principal,,,,Discussed with principal mam Got permission in the month of October.Will confirm the exact date 1st week October. Need to Call and remind them.,
27/08/2026 13:24,24-08-2026,Ajith Kumar,RK GYAN JYOTI PUBLIC SCHOOL,CHENGALPATTU,,Sangeetha,Principal,,7845180599,,Career Guidance,,,Warm,,October 1st week,,,,Follow up with Principal,,,,Discussed with principal mam Got permission in the month of October,
27/08/2026 13:24,24-08-2026,Ajith Kumar,BRINDAVAN PUBLIC SCHOOL,CHENGALPATTU,,,,,,,,,,Cold,,,,,,,,,,,
27/08/2026 13:24,24-08-2026,Ajith Kumar,JRK GLOBAL SCHOOL,CHENGALPATTU,,,Principal,,,,,,,Warm,,September 4th,,,,Schedule Career Guidance,,,,Discussed with CBSE school principal ma'am. Almost got permission till September 7th they are busy with schedules. After that they will let us know the exact date to conduct the program. Reminder call on 7th September.,
27/08/2026 13:24,24-08-2026,Ajith Kumar,JRK MATRIC HR SEC SCHOOL,CHENGALPATTU,,,,,,,,,,Cold,,,,,,,,,,,
27/08/2026 13:24,24-08-2026,Ajith Kumar,SIVANANDA RAJARAM SENIOR SECONDARY SCHOOL,CHENGALPATTU,,,,,,,,,,Cold,,,,,,,,,,,
27/08/2026 13:24,25-08-2026,Saranya,GNANA VIDHAYALAYA MATRIC HR SEC SCHOOL,THIRUVALLUR,,RANGANAYAGI,Principal,,9944277910,,Career Guidance,No,,Warm,,,,,,,,,,followed ny pandurangan,
27/08/2026 13:24,25-08-2026,Saranya,DMI ST JOSEPH GLOBAL SENIOR SECONDARY SCHOOL,THIRUVALLUR,,Antony,Principal,,9150076720,,Career Guidance,No,,Cold,,,,,,,,,,discussing with management,
27/08/2026 13:24,25-08-2026,Saranya,ADITYA VIDHYASHARAM,AVADI,,,Principal,,9159523999,,Career Guidance,No,,Warm,,,,,,,,,,discussed with principal and will let know by thursday sep 3rd,
27/08/2026 13:24,25-08-2026,Saranya,MAHALAKSHMI VIDHYA MANDHIR,AVADI,,,Admin,,9940391315,mvmavadi@gmail.com,Career Guidance,No,,Cold,,,,,,,,,,requested for mail once verified will get back ,
27/08/2026 13:24,25-08-2026,Saranya,RMK SENIOR SCEONDARY SCHOOL,AVADI,,Prabhavathi,Coordinator,,6385194666,,Career Guidance,No,,Cold,,,,,,,,,,principal is out of station will come next week only,
27/08/2026 13:24,25-08-2026,Saranya,SHREE NIKETHAN MAT SCHOOL ,THIRUVALLUR,,kavitha,Vice Principal,,9942927117,,Career Guidance,No,,Warm,,,,,,,,,,program confirmed waiting for the date after talking with VP,
27/08/2026 13:24,25-08-2026,Saranya,ABS GLOBAL SMART SCHOOL,THIRUVALLUR,,Jayashree narayanan,Principal,parimala admin,9600048361,,Career Guidance,No,,Warm,,,,,,,,,,program confirmed waiting for the date will get by sep 3rd,
27/08/2026 13:24,25-08-2026,Saranya,BHARATHIDASAN MAT HR SEC SCHOOL,THIRUVALLUR,,Manjula,Secretary,,9994339699,,Career Guidance,No,,Warm,,,,,,,,,,followed by kingsten,
27/08/2026 13:24,25-08-2026,Saranya,AASTRA GLOBAL SCHOOL,THIRUVALLUR,,,Admin,,8939212714,,Career Guidance,No,,Cold,,,,,,,,,,not interested,
27/08/2026 15:31,27-08-2026,Ajith Kumar,BRINDAVAN PUBLIC SCHOOL,CHENGALPATTU,,,,,Office no - 8012518354,,,,,Warm,,,,,,,,,,Discussed with principal mam Got permission in the month of October month Remainder call oct 1 st week,
27/08/2026 15:31,27-08-2026,Kingsten,SRI VENKATESHWARA MATRIC HR SEC SCHOOL,AMBATTUR,350+,,Principal,,,,Career Guidance,No,Oct 6th program,Hot,,,,,,Schedule Career Guidance,Follow-up Required,,,,
27/08/2026 15:31,27-08-2026,Ajith Kumar,ST PAULS SCHOOL,CHENGALPATTU,,,,,,,,,,Cold,,,,,,,,,,"Principal and correspondent out of station. Discussed with office staff. Positive response, Have possibilities to get permission , Remainder call on 31st Monday",
27/08/2026 15:31,27-08-2026,Ajith Kumar,SIVANANDA SARASWATHI MAT HR SEC SCHOOL ,CHENGALPATTU,,,,,7373797551,,,,,Warm,,,,,,,,,,"Discussed with principal mam Got permission on the first week of September or 1st week of October , Strength - 90",
27/08/2026 15:31,27-08-2026,Ajith Kumar,BHARATHIYAR MAT HR SEC SCHOOL,CHENGALPATTU,, Edwin,Correspondent,,9840794341,,,,,Warm,,,,,,,,,,Discussed with correspondent Got permission on the January month. ,
27/08/2026 15:31,27-08-2026,Ajith Kumar,ST JOHNS MAT HR SEC SCHOOL ,CHENGALPATTU,,,,,7397282193,,,,,Warm,,,,,,,,,,Discussed with Vice principal ma'am. Got permission September 8th or 1st week of October.But they will not allow to get details from students. Strength 120+,
27/08/2026 15:31,27-08-2026,Ajith Kumar,ANANTHAVALLI MAT HR SEC SCHOOL ,CHENGALPATTU,,,,,,,,,,Cold,,,,,,,,,,Inspection going on.Can't able to meet anyone. They requested me to visit on Monday.,
27/08/2026 15:31,27-08-2026,Ajith Kumar,NEELAN MAT HR SEC SCHOOL,CHENGALPATTU,,,,,,,,,,Cold,,,,,,,,,,,
27/08/2026 15:31,27-08-2026,Kingsten,MANGALAM VIDHYASHRAM SENIOR SECONDARY SCHOOL,THIRUMULLAIVOYAL,,,,,9150486647,,,,Oct 6th program,Hot,,,,,,,,,,"Discussed with principal.Got Permission strength is less than 15,so it will be combined with venkateswara matric on the same date",
27/08/2026 15:31,27-08-2026,Kingsten,SHETTY VIVEKANANDA VIDYALAYA JUNIOR COLLEGE ,AMBATTUR,,,,,,,,,,Cold,,,,,,,,,,School leave,
27/08/2026 15:31,27-08-2026,Kingsten,SAS TECHNO SCHOOL,AMBATTUR,,,,,,,,,,Cold,,,,,,,,,,School leave,
27/08/2026 15:31,27-08-2026,Kingsten,EBINEZER MATRICULATION HR SEC SCHOOL,AMBATTUR,250+,,Secretary,,9952953300,,Career Guidance,No,Oct 2nd week,Hot,,,,,8th sep call back,Schedule Career Guidance,Program Confirmed,,,"Met principal almost got Permission, but they need to discuss with correspondant and let us know the program date.Call reminder by tomorrow.Strength : 250+",
27/08/2026 15:31,27-08-2026,Kingsten,"EBENEZAR MARCUS INTERNATIONAL SCHOOL & JUNIOR COLLEGE 
CBSE",AMBATTUR,150+,RAJESHWARI (HOD) ,,,9282247947,,,,Oct 2nd week,Hot,,,,,10th sep call back,Schedule Career Guidance,Program Confirmed,,,"CBSE SCHOOL, Already discussed with hod and administrator also, we got Permission with orientation program and they will update with the orientation program date",
27/08/2026 15:31,27-08-2026,Kingsten,ANNAI VOILET INTERNATIONAL SCHOOL ,AMBATTUR,,,,,,,,,,Cold,,,,,,,,,,"They requested to send mail and to get the appointment with the principal,info@violetcbse.com , Alternative Email: avis11.edu@gmail.com",
27/08/2026 15:31,27-08-2026,Kingsten,EMMANUEL METHODIST MAT HR SEC SCHOOL ,AMBATTUR,70+,,,,044 2686 4698,,Career Guidance,No,"8th Sep 2026
10-11am program",Hot,,,,,,,Program Confirmed,,,"We got an appointment next week Monday to meet the principal right now both the principal and the vice principal are busy in sports day work , Strength 70. program confirmed. Date will get by tomorrow (2nd sep 2026) 
""Date: 8th Sep 2026
Time: 10am-11am program"" (1 hour program)",call back tmw (2nd sep 2026)
27/08/2026 15:31,27-08-2026,Kingsten,SRI RAMAKRISHNA MAT HR SEC SCHOOL ,AMBATTUR,60+,PHILIPS,Principal,,98844 32183,,,,8th sep call back,Warm,,,,,,,,,,"We have almost got the permission, the response was positive. We met the Principal regarding the orientation program, they have discussed it with the management. We will get an update next week and they will confirm the date.",
27/08/2026 15:31,27-08-2026,Pandurangan,SSKV GIRLS HR SEC SCHOOL ,KANCHIPURAM,250*,VIJAYALAKSHMI ,Principal,,4427224217,,,No,,Warm,,,,,,,,,,Next month planing to contact the orientation after sept 20th date will be given,
27/08/2026 15:31,27-08-2026,Pandurangan,ROYAL MATRIC HR SEC SCHOOL ,KANCHIPURAM,30,pachaiyappan VP,Vice Principal,,8012518460,,Career Guidance,No,SEPT 2nd,CONDUCTED,,,,,,Schedule Career Guidance,Program Confirmed,,,"Positive response , Once discussion with management and call back Monday, +2 student strength 30",
27/08/2026 15:31,27-08-2026,Pandurangan,SRI NARAYANA GURU MAT HR SEC SCHOOL,KANCHIPURAM,180*,principal,Principal,,"9543358222,    04427227256",,Career Guidance,No,SEPT 2nd,CONDUCTED,,,,,,Schedule Career Guidance,Program Confirmed,,,"Got permission.Next week planning to contact the orientation program , Total strength- 185",SEPT 2ND PROGRAM CONFIRM 
27/08/2026 15:31,27-08-2026,Pandurangan,KANCHI GLOBAL MAT HR SEC SCHOOL,KANCHIPURAM,50*,principal,Principal,,9789441145,,,No,,Warm,,,,,,,,,,"Spoken with principal, Got permission.planning to contact the orientation program dec month",dept month contact the program
27/08/2026 15:31,27-08-2026,Pandurangan,SSKV BOYS SCHOOL,KANCHIPURAM,300*,vp,Vice Principal,,8056028805,,,No,,Cold,,,,,,,,,,"Spoken with vice principal, positive response, once discussion with management and call back week. Planning to contact orientation sept month last week if possible.","spoke with vp , she said once dis with principal and informed , positive response "
27/08/2026 15:31,27-08-2026,Pandurangan,CHOZHAN MAT HR SEC SCHOOL,KANCHIPURAM,50*,principal,,,Office number-04427231788,,,No,,Cold,,,,,,,,,,"Spoke with principal , Positive response once discussion with management and update , Call back next week",
27/08/2026 15:31,27-08-2026,Pandurangan,MLM MAMALLAN MAT HR SEC SCHOOL ,KANCHIPURAM,200*,SHAMLA PRINCIPAL ,,,9443020303,,,No,,Cold,,,,,,,,,,"Spoke with principal , Positive response once discussion with management and update , Call back next week",
27/08/2026 16:49,27-08-2026,Ajith Kumar,SRI SANKARA VIDYALAYA ,CHENGALPATTU,,,,,,,,,,Cold,,,,,,,,,,,
27/08/2026 16:49,27-08-2026,Ajith Kumar,SRI NATESAN VIDHYASALAI MAT HR SEC SCHOOL,CHENGALPATTU,,,,,,,,,,Cold,,,,,,,,,,,
27/08/2026 16:49,27-08-2026,Kingsten,SETHU BASKARA MAT HR SEC SCHOOL,AMBATTUR,1000,Mr. Armstrong ,Vice Principal,,9884439737,,,,Oct 10th Program,Hot,,,,,Oct 5th call back,Follow up with Principal,Program Confirmed,,,Permission confirmed - Oct 10 (tentative) ,
28/08/2026 11:20,27-08-2026,Ajith Kumar,SARASWATHI MAT HR SEC SCHOOL,CHENGALPATTU,,,,,,,,,,Cold,,,,,,,,,,,
28/08/2026 11:51,28-08-2026,Manikandan,SHRI ANAND JAIN VIDHYALAYA,"Kakkan St, West Tambaram, Tambaram, Chennai, Tamil Nadu 600045",,,,,,,,,,Cold,,,,,,,,,,Again need to visit. School Leave,
28/08/2026 11:53,28-08-2026,Pandurangan,SHIKSHAA PUBLIC SCHOOL,KANCHIPURAM,70*,rani,Admin,,9047878686,,,No,,Warm,,,,,,Schedule Career Guidance,Program Discussion Ongoing,,,"Positive response , Once discussion with management and update on Monday.","date will  be given after exam , may be sept end "
28/08/2026 11:57,28-08-2026,Pandurangan,BRIMMING HIGH INTERNATIONAL SCHOOL,KANCHIPURAM,80*,principal,Principal,,63855 02910/ 8883209999,,Career Guidance,No,AFETR SEPT 20th,CONDUCTED,,next week sept 8th,,,,Schedule Career Guidance,Program Confirmed,,,"Spoke with principal,Positive response,Once discussion with management and update.",
28/08/2026 15:36,28-08-2026,Manikandan,VALLUVAR GURUKULAM,"220, GST Road, Tambaram West, Chennai - 600045",400,Vijayalakshmi,Principal,,87525 95037,,Career Guidance,,,Warm,,,,,,Follow up with Principal,Follow-up Required,,,Got a positive response. Met the Principal. Both Matriculation and CBSE sections responded positively. They have discussed it with the common coordinator and management and will update us about the date.,
28/08/2026 15:36,28-08-2026,Manikandan,GURUKULAM VIDYASHRAM ,"128, Gandhi Road, Tambaram West, Chennai - 600045",400,Principal,Principal,,87525 95037,,,,,Warm,,,,,,,,,,Got a positive response. Met the Principal. Both Matriculation and CBSE sections responded positively. They have discussed it with the common coordinator and management and will update us about the date.,
28/08/2026 15:36,28-08-2026,Manikandan,THE MADRAS SEVA SADAN HIGHER SEC SCHOOL,"101, Gandhi Road, West Tambaram, Chennai - 600045",,,,,,,,,,Cold,,,,,,,,,,The principal and all the staff and students are at the sports day function so they ask us to come and meet tomorrow or any other day,
28/08/2026 15:36,28-08-2026,Pandurangan,VICTORIA MATRIC HR SEC SCHOOL,KANCHIPURAM,150*,VP,Admin,,OFFICE NO - 9381841929,,,No,,Cold,,,,,,,,,,Principal busy with meeting.,
28/08/2026 15:55,28-08-2026,Manikandan,ANNA MATRIC HR SEC SCHOOL,"Sudanandha Bharathi Street, Tambaram East, Chennai - 600059",27,,,,9840214050,,,,,Cold,,,,,,,,,,The Principal is out of station for a week. We met the admin staff - they have discuss it with the management and will let us know.,
28/08/2026 15:55,28-08-2026,Manikandan,CSI CORLEY HIGHER SEC SCHOOL,"13, MES Road, East Tambaram, Chennai - 600059",,,,,,,,,,Cold,,,,,,,,,,"The Principal mam is out of station for the sports day function. She is fully occupied this week, so we were unable to meet her.",
28/08/2026 15:55,28-08-2026,Manikandan,CHRIST KING GIRLS HR SEC SCHOOL,"28, Velachery Main Road, East Tambaram, Chennai - 600059",,,,,,,,,,Cold,,,,,,,,,,"The Principal mam is out of station for the sports day function. She is fully occupied this week, so we were unable to meet her.",
28/08/2026 15:55,28-08-2026,Manikandan,MCC CAMPUS MAT HR SEC SCHOOL ,"1, Air Force Station Road, East Tambaram, Chennai - 600059",,,,,9283316996,,,,,Cold,,,,,,,,,,"Principal mam was busy and out of station, We met the admin staff, they will convey the information and update us.",
28/08/2026 15:55,28-08-2026,Manikandan,SITADEVI GARODIA HINDU VIDYALAYA ,"No. 2, Kalamegam Street, East Tambaram, Chennai - 600059",100+,,,,044-2239-6125,,,,,Cold,,,,,,,,,,We had a positive response from Sitadevi Garodia Hindu Vidyalaya. Met the Principal and had a good discussion. She will discuss with the management and update us.,
28/08/2026 15:55,28-08-2026,Manikandan,ZION MAT HR SEC SCHOOL,"Ranganatha Nagar, Indira Nagar, Selaiyur, Chennai, Tamil Nadu 600073",400+ per branch,,,,72990 07455,,,,,Cold,,,,,,,,,,"Got a positive response. This is their head branch, so conveying information here is sufficient - they will inform all other branches. They have asked us to call back on Monday after they discuss with the principal.",
28/08/2026 15:55,28-08-2026,Pandurangan,BHARATHIDASAN MAT HR SEC SCHOOL ,KANCHIPURAM,400,,,,9629445551,,,,SEPTEMBER,Warm,,,,,,,,,,Got permission for orientation. Date will be confirmed on Monday next week.,
28/08/2026 15:55,28-08-2026,Pandurangan,SWAMI VIVEKANANDA MAT HR SEC SCHOOL ,KANCHIPURAM,250,,,,8012518278     8870446769         9791386770,,,,,Cold,,,,,,,,,,"We met the admin staff during school closing time. The Principal was in a meeting, so the admin staff did not allow us to meet her.","spoke with reception  , once informed wit principal and call back"
28/08/2026 16:06,28-08-2026,Manikandan,MOUNT CAMEL MAT HR SEC SCHOOL,TAMBARAM,37,,,,8012518343,,,,SEPTEMBER,Warm,,,,,,,,,,Got permission for orientation. Date will be confirmed on Monday next week.,
28/08/2026 16:36,28-08-2026,Manikandan,VIDHYA MAT HR SEC  SCHOOL,TAMBARAM,,,,,044 2277 9999,,,,,Cold,,,,,,,,,,"We met the admin staff during school closing time. The Principal was in a meeting, so the admin staff did not allow us to meet her.",
29/08/2026 13:15,29-08-2026,Kingsten,KENDRIYA VIDYALAYA OCF SCHOOL ,AVADI,300+,Grace,Secretary,,8838636380,,Career Guidance,No,,Hot,,,,,,,,,,,
29/08/2026 13:15,29-08-2026,Kingsten,KENDRIYA VIDYALAYA HVF SCHOOL ,AVADI,100+,,,,,,Career Guidance,No,,Warm,,,,,,,,,,,
29/08/2026 13:15,29-08-2026,Kingsten,KENDRIYA VIDYALAYA CRPF SCHOOL ,AVADI,,,,,,,Career Guidance,No,8th to 11th sep program,Hot,,,,,,,,,,,
31/08/2026 11:19,29-08-2026,Kingsten,KENDRIYA VIDYALAYA AFS SCHOOL ,AVADI,120,,,,,,Career Guidance,Yes,,CONDUCTED,,,,,,,Program Conducted,,,,
01/09/2026 17:37,01-09-2026,Manikandan,little holy Angels matriculation higher secondary school ,TNHB Colony Ayappakkam ,60,Hemavadhi,Principal,,9944699826,,Career Guidance,No,,Warm,,orentation program appointmrnt confirmed . final date will be updated sep 2nd,,,,,,,,Almost confirmed for October month. Spoke to VP on call. Got an appointment with principal tomorrow at 12 pm.,
01/09/2026 17:37,01-09-2026,Manikandan,Sri Venkateshwara Vidhyalaya CBSC School (main branch),"1513 E, Anna Nagar West Extension, Chennai - 600101",,,,,78459 12516,,,,,Cold,,,,,,,,,,"Got an appointment at 4 pm on 03-08-2026 to meet the principal in the main branch. This branch is enough, they will inform all other branches.",
01/09/2026 17:37,01-09-2026,Manikandan,Zamir Matriculation Higher secondary school ,"Ayapakkam, Chennai, Tamil Nadu",47+,Principal Ponrani,Principal,,7305829346,vinita.simon@zamar.org.in,Career Guidance,No,,Warm,,orentation program appointmrnt confirmed on oct . final date will be updated after consulting with management,,,,,,,,Orientation program appointment confirmed for October. Final date will be fixed after discussion with management.,
01/09/2026 17:37,01-09-2026,Kingsten,RCM MATRIC HR SEC SCHOOL ,AVADI,90+,Vimal,Secretary,,6380373843,,Career Guidance,No,8th to 11th sep program,Hot,,,,,08-09-2026,Schedule Career Guidance,Program Confirmed,,,Got Permission. Discussed with correspondant. Next Week plan to conduct orientation program. Followback tmw for getting date,Call back tmw for getting program date
01/09/2026 17:37,01-09-2026,Kingsten,NAZARETH MATRICULATION HR SEC SCHOOL,AVADI,400,,Admin,,,,Career Guidance,No,Oct 2nd week,Hot,0,,,,05-10-2026,Follow up with Principal,Follow-up Required,,,"GOT PERMISSION, Our student Adharsh studied this school. After oct 5th they will will date for conduct orientation program. Followup Oct 5th 2026",call back 5th oct 2026
01/09/2026 17:37,01-09-2026,Kingsten,NAZARETH ANNEX MATRIC HR SEC SCHOOL,AVADI,45+,,Admin,,044 26553893,,Career Guidance,No,11th Sep program,Hot,,,,,10-09-2026,Schedule Career Guidance,Program Confirmed,,,"Discussed with Principal, Got Permission. Next week plan to conduct program. They are requested combined 10th, 11th, 12th",11th sep 2026 10:00am program fixed
01/09/2026 17:37,01-09-2026,Kingsten,VGN CHINMAYA VIDYALAYA SCHOOL,AVADI,70,,Admin,,7401187644,,Career Guidance,No,,Warm,,,,,02-09-2026,Follow up with Principal,Follow-up Required,,,"Principal out of station, Once available means staff will let me know.",call back tmw
01/09/2026 17:37,01-09-2026,Kingsten,Ebenezer Jaganath Marcus Matriculation Higher Secondary School,AMBATTUR,60+,Rebecca,Secretary,,9710483672,,Career Guidance,No,,Hot,,,,,07-10-2026,,Program Confirmed,,,Discussed with principal Edia Marcus. Very Good discussion regarding this program. Got Permission,call back 7th oct 2026
01/09/2026 17:37,01-09-2026,Kingsten,PNET GLOBAL SCHOOL,AMBATTUR,,,,,,,Career Guidance,No,,Cold,,,,,,,,,,Principal struck with busy meeting right now. They requested official mail to this school,
01/09/2026 17:37,01-09-2026,Kingsten,Nathella Vidhyodaya,AMBATTUR,,,,,,,Career Guidance,No,,Cold,,,,,,,,,,THEY ARE NOT GIVEN THESE TYPE OF PROGRAM,
01/09/2026 17:37,01-09-2026,Kingsten,St. Joseph's Matriculation Higher Secondary School,AMBATTUR,,,,,,,Career Guidance,No,,Warm,,,,,,,,,,Principal struck with busy meeting right now. Call back after discussed with principal,Call back by tomorrow
01/09/2026 17:37,01-09-2026,Ajith Kumar,Alpha School,Porur,,,Admin,,,,Career Guidance,,,Warm,,,,,,Discuss with Management,Follow-up Required,,,Discussed with the principal sir. The head branch is in Nandanam CIT Nagar. They requested me to visit that branch after getting permission from that branch we can get permission here also.,
01/09/2026 17:37,01-09-2026,Ajith Kumar,Sathyayok matriculation school,Porur,,,Principal,,9840594171,,Career Guidance,,,Warm,,October 1st,,,,Follow up with Principal,Program Discussion Ongoing,,,Discussed with the principal ma'am. Almost got permission  but still she needs to confirm with their trustees after that she let us know the date to conduct the program.,
01/09/2026 17:37,01-09-2026,Ajith Kumar,St Jhon's School,Porur,,,Principal,,4424768857,,Career Guidance,,,Warm,,Ocober 1st week,,,,Follow up with Principal,Program Discussion Ongoing,,,Discussed with principal ma'am. Got positive response  she needs to confirm and discuss with the correspondent then update the date to conduct the program.,
01/09/2026 17:37,01-09-2026,Ajith Kumar,St paul's matric school,Porur,50+,Banu,Admin,,044 24762259,,Career Guidance,,,Warm,,Sep 3rd,,,,Discuss with Management,Program Confirmed,,,Discussed with co-ordinator . Got permission  after confirming with the correspondent she let me know the date and time. ,
01/09/2026 17:37,01-09-2026,Ajith Kumar,Grace matriclation school,Porur,150+,,Correspondent,,,,Career Guidance,,,Warm,,,,,,Discuss with Management,Program Discussion Ongoing,,,Discussed with correspondent Got positive response.He needs to discuss with principal and  check the available time. Then let us know,
01/09/2026 17:37,01-09-2026,Ajith Kumar,St mary's matric school ,Porur,,,Admin,,4424827676,,Career Guidance,,,Cold,,,,,,,,,,Principal not available.Spoke with admin usually they are not allowed this kind of programs. But still convinced her to consider these courses,
01/09/2026 17:37,01-09-2026,Ajith Kumar,Arulmigu meenakshi amman public school,Porur,15+ ,,Principal,,448676178,,Career Guidance,,,Warm,,October 1st week,,,,Follow up with Principal,Program Discussion Ongoing,,,Discussed with principal ma'am. Got permission she is interested to conduct this program.check and let us know the date.,
01/09/2026 17:37,01-09-2026,Ajith Kumar,Swamy's School,Porur,100+,,Admin,,,contact@swamysschool.com,Career Guidance,,,Warm,,,,,,Discuss with Management,Proposal Sent,,,Can't able to meet the principal without an appointment. They requested me to send details through  mail after that if they are interested they can get back,
01/09/2026 17:37,01-09-2026,Ajith Kumar,MKM Higher secondary school,Mugalivakkam,,,Admin,,4422523599,,Career Guidance,,,Warm,,September 2nd ,,,,Discuss with Management,Follow-up Required,,,Principal not available and Spoke with admin . Got positive response ,
01/09/2026 17:37,01-09-2026,Ajith Kumar,Pon vidyashram,Porur,,,Admin,,,,,,,Warm,,,,,,,,,,"Head office in Valasaravakkam. Get an appointment from that branch, then only we can get permission from here",
01/09/2026 17:37,01-09-2026,Ajith Kumar,Kalashetra,Poonamalle,,,Admin,,4426792244,,Career Guidance,,,Warm,,September 2nd ,,,,Discuss with Management,Follow-up Required,,,Principal busy . Met admin staff.After Discussed with the principal she will call back,
08/11/2026 17:30,11/08/2026,Peter,Jai Hind Matriculation School,Thirumazhisai,,Abarna ,Principal,,8754000238,,Scholarship Exam,No,,Warm,0,08/12/2026,21/08/2026,,24/08/2026,Follow up with Principal,Follow-up Required,,,waiting for correspondent approval ,call back by 7th sep
08/11/2026 17:35,11/08/2026,Peter,Gandhi Matriculation School,Avadi,,Stella,Principal,,9841598458,Revathi: 8124642398(commerce),Scholarship Exam,No,,Warm,0,14/08/2026,24/08/2026,,25/08/2026,Schedule Career Guidance,Program Discussion Ongoing,,,contacted with commerce mam monday will get the date for program. reminder to ask the count and 11 and 12 sci and commerce sep  /TOTAL COUNT 100 Pogram dt my next week conform wats up her,RNR ON 24TH
08/11/2026 17:40,08/11/2026,Peter,Sudharsanam vidyaashram,Avadi,,Latha ,Admin,,9884097976/044-2680 0979,principal@svschool.ac.in ,Scholarship Exam,No,,Warm,0,14/08/2026,21/08/2026,,24/08/2026,Schedule Meeting,Follow-up Required,,,have to followup with latha on 24 Aug ,have to send mail again 
08/11/2026 17:45,08/11/2026,Peter,Velammal Nexus,Avadi,,,Admin,,"7358309991,          7358069991",info.avadi@velammalnexux.com ,Scholarship Exam,No,,Cold,0,14/08/2026,,,14/08/2026,Follow up with admin,Follow-up Required,,,numbers not reachable ,coulnt able to reach any number 
08/11/2026 18:05,08/11/2026,Saranya,St.john's MHSS,Porur,,Mr.Praveen christopher,Correspondent,,9444087569,,Career Guidance,,,Hot,1,18/08/2026,,,,Schedule Career Guidance,Program Confirmed,8.0,,Correspondent is out of station will b back in next week,Met correspondant program scheduled on september 9th
08/11/2026 18:10,08/11/2026,Pandurangan,Maharishi,suguvasathiram,250,Mrs. Lavanya   ,Principal,,9655489883,commerce sir Elanzeliyan   8072035208,Multiple Programs,Yes,Awarness Program,CONDUCTED,,,,,,,Program Conducted,,,,
08/12/2026 18:00,08/12/2026,Peter,Sri lakshminarayana MHSS,Selavoyal,,Mr. Koushik,Correspondent,,8056918985,,Scholarship Exam,No,,Cold,,,,,21/10/2026,Follow up with Correspondent,Interested,,,Met koushik sir and fixed program date after 21st september,
08/12/2026 18:20,08/12/2026,Peter,Sri lakshmi Narayana School,"Selaivayal, Kodungaiyur (West), Lakshmi Ammal Nagar, Kodungaiyur, Chennai, Tamil Nadu 600051",,Mr. Logesh,Academic Head,,8939213330 / 9551473287,,Career Guidance,No,,Warm,0,,,,,Send Proposal,Interested,,,,have to co-ordinate with their commerce staff
08/12/2026 18:25,08/12/2026,Peter,dayasadan agarwal vidyalaya,"127, Poonamallee High Rd, Maduravoyal, Nerkundram, Chennai, Greater Chennai, Tamil Nadu 600107",,Mrs. Rekha,Admin,,7010955141,info@dsav.in,Scholarship Exam,No,,Warm,0,,,,24/08/2026,Schedule Meeting,Follow-up Required,,,waiting to arrange the meeting with principal ,principal having busy schedule so they let us know call back on sep 1st week 
08/12/2026 18:30,08/12/2026,Peter,daniel thomas school,"High Rd, 1184, Poonamallee High Rd, Koyambedu, Chennai, Tamil Nadu 600107",,Mr. Sanjay Kumar,Coordinator,,9884097346,sanjaykumar@danielthomas.in,Scholarship Exam,No,,Warm,0,,,,24/08/2026,Send Proposal,Follow-up Required,,,,have  to send mail for both scienece and commerce students about  oriention programme and the event will be on october 1st week 
08/12/2026 18:35,08/12/2026,Peter,velankanni public school,"I, Phase, II, R-10, Block, Muthamizh Nagar, Kodungaiyur, Chennai, Greater Chennai, Tamil Nadu 600118",,Mrs. PS Ganga,Principal,,9884800370,velankannipublicschool@gmail.com,Scholarship Exam,No,,Warm,0,,,,25/08/2026,Send Proposal,Follow-up Required,,,waiting for principal approval and KK academy used to conduct the exam every year ,call back tomo 2nd sep
08/12/2026 18:40,08/12/2026,Peter,smk vidhyashram,"No: 92/1&9, Muthamizh Nagar, Kodungaiyur, Chennai, Tamil Nadu 600118",,Mrs. Joyce Mary,Coordinator,,7358561297,smkvidhyasharamqb2428@gmail.com,Scholarship Exam,No,,Warm,0,21/08/2026,,,,Schedule Scholarship Exam,Follow-up Required,,,wats up her to the same number,
14/08/2026 18:45,14/08/2026,Peter,sri chaitanya techno school,"Plot No:184 Pattabiram Main Road, Sokkanallur, Kolappancheri, Poonamallee, Chennai, Tamil Nadu 600072",,Mr. Ravendra,Principal,,7397753713,poonamalleesrprincipal@srichaitanyaschool.in,Career Guidance,No,,Cold,,,,,,Send Proposal,Follow-up Required,,,,school will not to do career guidance 
14/08/2026 18:50,14/08/2026,Peter,sri buddha vidhya mandir,"Rajeswari Nagar, Kavalcheri Road, Chennai, Thirumazhisai, Tamil Nadu 600124",,Mrs. Anu,Principal,,9486536285,,Career Guidance,No,,Warm,,,,,,Send Proposal,Follow-up Required,,,,
14/08/2026 18:55,14/08/2026,Peter,chennai public school,"TH Road, SH 50, Thirumazhisai, Tamil Nadu 600124",,,Admin,,4435003777,principal.gec@chennaipublicschool.com,Scholarship Exam,No,,Cold,,,,,23/058/2026,Schedule Meeting,Follow-up Required,,,arranging meeting with principal ,called on 24 aug will check with the PS and let us know ...
17/08/2026 19:00,17/08/2026,Peter,Spartan International School,"no.570, kannadasan street, Chembarambakkam, Chennai, Tamil Nadu 600123",,Mr. John,Admin,,7550081772,sischembarambakkam@gmail.com,Scholarship Exam,No,,Cold,,,,,22/08/2026,Proposal sent ,Follow-up Required,,,arranging meeting with principal ,RNR on 24 AUG
17/08/2026 19:05,17/08/2026,Peter,Loyola International Residential School,"Palanchur, Nazarethpet Post, Chennai – Bangalore, National Highway, opp. Queensland & Inside of DMI Campus, Chennai, Tamil Nadu 600123",,Mr. Johnson,Principal,,7299008423,,Scholarship Exam,No,,Cold,,,,,22/08/2026,,,,,,will not allow those kind of programmes inside the campus ..
31/08/2026 11:20,31-08-2026,Manikandan,D.A.V Senior secondary ,"R-45, 120 Feet Road, Mogappair, Chennai - 600050",,Smt. Sreela Sreedharan,Vice Principal,,044-26242340,,Career Guidance,,,Warm,,,,,,,Follow-up Required,,,"Got a very positive response from DAV School (Boys & Girls). They have asked us to speak with the Head Branch at Gopalapuram. Once we get permission from there, we will get approval for orientation in all DAV Schools across Chennai (both Boys & Girls).",Need to Visit Gopalapuram main branch 
31/08/2026 12:00,31-08-2026,Manikandan,Vels Global school ,"432, Seethakathi Salai, Paneer Nagar, J J Nagar, Mogappair East, Chennai - 600037",64,,,principal - Ms. Ramya Saneel,7299099155,admissions.mogappair@velsgroup.in,,,,Cold,,,,,,,,,,"Rejected. They have both aviation, logistics management like courses and B.Com integrated with CA, CMA course in Vels University.",
31/08/2026 12:20,31-08-2026,Manikandan,Spartan School ,Mogappair ,,,Admin,,044 2681 0171 - chembarambakkam ,,Career Guidance,,,Cold,,,,,,,,,,"Got an appointment to meet the Principal at Spartan School, Chembarambakkam but already we visited the school in chembarambakkam and got an appointment ",
31/08/2026 12:45,31-08-2026,Manikandan,M.G.R. Adarsh School.,"14, 31st Street, Periyar Nagar, TNHB Colony, Korattur, Chennai - 600050",,Rathi,Secretary,,044 2656 2359,,Career Guidance,,,Warm,,,,,,,Follow-up Required,,,"Need follow up after September. Asked to call once, if interested they will allow based on the situation in October.",
31/08/2026 13:30,31-08-2026,Manikandan,Shamrock Metriculation HR SEC School,"No. 37, Maduraisami Madam Street, Perambur, Chennai - 600011",53,Vidhya Balasubramaniam,Principal,,044 2656 4739,,Career Guidance,,,Warm,,,,,Next Monday (7th of September) santhosh  sir have to talk and get the date],,Follow-up Required,,,Got an appointment for orientation. Date will be fixed after the Principal speaks to Shantosh Sir.,
31/08/2026 13:45,31-08-2026,Manikandan,Priya Matriculation Higher Secondary School,Mogappair ,17,Meena,Teacher,,97101 94338,,,,,Cold,,,,,,,,,,Got an appointment tomorrow to meet the principal,
31/08/2026 13:45,31-08-2026,Manikandan,Chennai Public School,"Radial Nagar, TVS Ave, Anna Nagar West Extension, Chennai - 600101",,,,,9677089077,,,,,Cold,,,,,,,,,,"Yet to visit, principal is not available",
31/08/2026 14:15,31-08-2026,Manikandan,Leo Matriculation Higher Secondary School,"1, Main Road, Sudarshan Nagar, Madambakkam, Chennai - 600126",50,Mrs. Nancy,Principal,,7305666486,,Career Guidance,No,,Hot,,program fixed on oct 5th,,,1st October (Just an Remainder For Orientation),Schedule Career Guidance,Program Confirmed,,,"5th of October 46296 Principal: 7305666486, Shruthi (admin): 7305666487",
31/08/2026 14:45,31-08-2026,Manikandan,S.B.O.A. Matriculation & hr. Sec. School,"1513 E, Anna Nagar West Extension, Chennai - 600101",275,,,,,,,,,Cold,,,,,,,,,,Principal is interested. Asked me to come and meet the Correspondent tomorrow or the day after.,
31/08/2026 15:15,31-08-2026,Manikandan,SBOA School & Junior College,"18, School Road, Anna Nagar West Extension, Chennai - 600101",450,,,,,,,,,Cold,,,,,,,,,,October Orientation - Fixed. Principal will confirm the final date directly with Shantosh Sir after speaking to him.,
31/08/2026 15:45,31-08-2026,Manikandan,VELAMMAL NEXUS,"Velammal Gardens, TS Krishna Nagar, Mogappair, Chennai, Tamil Nadu 600037",~ 1110,Principal Yuvaraj,Principal,,76039 09244,,,,,Warm,,,,,,,,,,Principal is in urgent Meeting so i cant able to meet him,"
Status: Positive Response
They need to discuss with management whether to go with a stall or an orientation program. Asked me to follow up via message and call on Monday. The principal is very much interested but management needs to approve"
31/08/2026 16:00,31-08-2026,Manikandan,DSG Vivekanandha Vidyalaya,Athipet,,,,,,,,,,Cold,,,,,,,,,,got an appointment tomorrow to meet the principal at 2:00,
,28-08-2026,Manikandan,Sri Ramakrishna Higher Secondary School,"South St, Tambaram West, Chennai - 600045",,,,,,,,,,Cold,,,,,,,,,,Met principal secretary they won't allow to conduct any kind of this program in their school,
,28-08-2026,Manikandan,Sir & Lady M. Venkatasubba Rao Higher Secondary School,"GST Road, Tambaram, Chennai, Tamil Nadu 600045",,,,,,,,,,Cold,,,,,,,,,,The principal and all the staff and students are at the sports day function so they ask us to come and meet tomorrow or any other day,
,28-08-2026,Manikandan,"Zion Hr. Sec. School, Madambakkam","East Tambaram, Velachery Tambaram Main Road, Selaiyur, Chennai - 600073",,,,,,,,,,Cold,,,,,,,,,,,
,31-08-2026,Manikandan,DAV BOYS SENIOR SECONDARY SCHOOL,"120 Feet Road, Anna Nagar W Ext Rd, Mogappair, Chennai, Tamil Nadu 600050",,Smt. S. Nandhini,,,044-2453297,boys.mogappair@davchennai.org,,,,Cold,,,,,,,,,,"Got a very positive response from DAV School (Boys & Girls). They have asked us to speak with the Head Branch at Gopalapuram. Once we get permission from there, we will get approval for orientation in all DAV Schools across Chennai (both Boys & Girls).",
,01-09-2026,Manikandan,Ebenezer Higher Secondary School,"9th St, TNHB Colony, Korattur, Chennai, Tamil Nadu 600050",,,,,87545 85126,,,,,Cold,,,,,,,,,,Principal mam is not available. Need follow up. It has only 2 branches Korattur and Yelagiri.,
,01-09-2026,Manikandan,Bhaktavatsalam Vidyashram,"14, 31st Street, TNHB Colony, Korattur, Chennai - 600050",,,,,,,,,,Cold,,,,,,,,,,Need appointment to meet the principal. They asked us to call and get an appointment and visit on 3rd of Sep at 4:00 pm.,
,01-09-2026,Manikandan,Little Holy Angels Higher Secondary School,"Railway Station Rd, Periyar Nagar, Korattur, Chennai, Tamil Nadu 600050",,,,,044-26359145,littleholyangelskorattur@gmail.com,,,,Warm,,,,,,,,,,Almost confirmed for October month. Spoke to VP on call. Got an appointment with principal tomorrow at 12 pm.,
,01-09-2026,Manikandan,Vailankanni Matriculation Higher Secondary School,"ST. PETERS UNIVERSITY, St Peter College Rd, Vivekananda Nagar, Annanur, 600054",30,,,,,,,,,Warm,,october 2nd week,,,,,,,,Almost confirmed in October month they will call back and let us inform regarding dates,
,9/2/2026 15:48:02,Saranya,ANCH SCHOOLS,redhills,,Kavitha,,,9876543210,,,,,,,,,,,,,,,,
,9/2/2026 15:59:17,,Abc school,Ambattur,,Vp,,,9876654433,,,,,,,,,,,,,,,,
,02-09-2026,Manikandan,Sacred hearts metric hr sec school,"Church St, Near St.Thomas Malankara Church, Sathya Nagar, Padi, Chennai, Tamil Nadu 600050",80 +,,,,,,,,,Warm,,,,,,,,,," Appointment confirmation, tomorrow morning 8:30 I have a meeting with correspondence to discuss and confirm the date ",
 ,02-09-2026,Manikandan,Mar Gregorios school,"Block No. 8, School Road, Mogappair West, Chennai, Tamil Nadu 600037",,,,,,,,,,Cold,,,,,,,,,,"Rejected Reason: They are conducting CA training in-house and organize this kind of orientation themselves every year with their college, so they will not allow an external program.",
,02-09-2026,Manikandan,dawn school school,"Andal Ammal Extension Street, Nolambur, Mogappair West, Chennai, Tamil Nadu 600095",,,,,91500 28555 ,,,,,Cold,,,,,,,,,,Need an appointment to meet for dawn school,
,03-09-2026,Kingsten,GOOD WORD PUBLIC SCHOOL,REDHILLS,50,,Principal,,,,Career Guidance,No,,Hot,,,,,CALL BACK NEXT WEEK,Follow up with Principal,Program Confirmed,,,"Got Permission, They have already scheduled for this year. They need time to schedule for our program. Update back the scheduled date by next week.",
,03-09-2026,Kingsten,Good Shepherd's Global Matric Higher Secondary School,REDHILLS,100,,Principal,,,,Career Guidance,,,Hot,,,,,,,,,,"Principal is very much interested for this program. But they have an 11th students,  Next year only plan to conduct here. Approximately 100 students studying here in 11th",
,03-09-2026,Kingsten,SRI KALAIVANI VIDYALAYA SCHOOL,REDHILLS,,KALAIVANI,Principal,,9790959832,,,,,Warm,,,,,,Follow up with Principal,Program Discussion Ongoing,,,Discussed with principal. Got Permission. They will  update scheduled date by next week after discussed with correspondant.,
,03-09-2026,Kingsten,VIVEKANANDA MATRIC HR SEC SCHOOL,REDHILLS,,,Principal,,9080744979,,Career Guidance,No,,Hot,,,,,CALL BACK OCT 5TH,Follow up with Principal,Program Confirmed,,,Discussed with CEO Mr.Arulmozhivarman. Got Permission. October 2nd week plan to conduct orientation program. ,
,03-09-2026,Kingsten,ELITE MATRICULATION HR SEC SCHOOL,REDHILLS,250+,,,,,,Career Guidance,No,,Warm,,,,,,,Program Discussion Ongoing,,,They need appointment for meet Principal. I shared details will be planned to secretary. They will update later.,
,03-09-2026,Kingsten,Children's Paradise Mat Hr Sec school,REDHILLS,,GOPINATH,Vice Principal,,9444661674,,Career Guidance,No,,Warm,,,,,CALL BACK SEP 7TH,Follow up with Principal,Program Discussion Ongoing,,,Discussed with Vice Principal. Positive response. Principal and correspondant is out of station. He will convey our awareness program motive and then call back on Monday. ,
,03-09-2026,Kingsten,ALPHA MATRIC HR SEC SCHOOL,REDHILLS,200+,,Other,OFFICE,8110086720,,Career Guidance,No,,Warm,,,,,,Follow up with Principal,Program Discussion Ongoing,,,"Discussed with Principal Mr. Navaneetha krishnan, Almost got Permission. He is much interested to do this program. They need to discuss with correspondant and then get back the scheduled date.
He is requested to send the Agenda to whatsapp number. ",
,03-09-2026,Kingsten,ST JOSEPH HR SEC SCHOOL,REDHILLS,,,Principal,,,,,,,Hot,,,,,,Follow up with Principal,Program Confirmed,,,"Discussed with correspondant Mr.Ebi and Principal Mr.Prakash. 

Got Permission

Date: 11th or 14th Sep 2026
Time: 3:00pm
Duration: 1 hour",
,03-09-2026,Kingsten,ST MARY'S MATRIC HR SEC SCHOOL,REDHILLS,100+,OFFICE,,,044 2641 8337,,Career Guidance,No,,Hot,,,,,,Follow up with Principal,Program Confirmed,,,"After quarterly exam the date will be given. Program max scheduling from Oct 5th to Oct 10th. 

Call Remainder: 5th October 2026",Call Remainder: 5th October 2026
,03-09-2026,Kingsten,LOTUS MATRIC HR SEC SCHOOL,REDHILLS,20+,ARUNACHALAM,Principal,,86086 45024,,Career Guidance,No,,Hot,,,,,,Follow up with Principal,Program Confirmed,,,"Discussed with principal. Got Permission 

Date: Oct 8th or 9th plan to conduct orientation.",
,03-09-2026,Kingsten,HOLY CHILD MATRIC HR SEC SCHOOL,REDHILLS,,OFFICE,,,9941243348,,,,,Warm,,,,,,,,,,Principal struck with busy meeting. Receptionist update back after discussed with principal.,
,03-09-2026,Kingsten,DR SIVANTHI ADITHANAR SCHOOL,REDHILLS,,,,,,,,,,Warm,,,,,,,,,,They have interschool volleyball tournament. So I can't meet official staffs. Better to visit next day orientation period.,
,03-09-2026,Manikandan,Joshua School,Padi,10+,Correspondent,Correspondent,,98840 11611,,Career Guidance,No,,Warm,,,,,,Follow up with Correspondent,Program Discussion Ongoing,,,"They are very interested, but they have a very small number of students.",
,03-09-2026,Manikandan,Chennai Public School,"TVS Avenue Main Road, Anna Nagar West Extension, Chennai, Tamil Nadu 600101",350,office,Admin,,87544 81277,,Career Guidance,No,,Cold,,,,,,Call,,,,Need an appointment to meet Decision makers,
,03-09-2026,Manikandan,Good Shepherd School,"352/10, Railway Station Road, Kammalar Street, korattur,
Chennai - 600080.",29,Principal ,Principal,,99628 49593,principal@goodshepherdkorattur.com,Career Guidance,No,,Hot,,,,,,,Program Confirmed,,,"They approved our orientation program for October 5th but denied our request to collect student details via a form. Consequently, I pitched a scholarship program instead, which they accepted.",
,03-09-2026,Manikandan,Rudhrappa Swami School,"Karukku Main Rd, Pattravakkam, Karukku, Ambattur, Chennai, Tamil Nadu 600053",,,Admin,,96000 31000,,,,,Cold,,,,,,,,,,Need an appointment to meet Decision makers,
,03-09-2026,Manikandan,Nallikuppam Vivekananda Vidyalaya Junior College,"11th Street, TNHB Colony, Korattur, Chennai - 600050 (Near Lucas TVS).",,,Principal,,,,,,,Cold,,,,,,,,,,Issued brochure and discussed with principal. They won't encourage this kind of orientation so rejected.,
,03-09-2026,Manikandan,CS Central School,"31, Malayathaman, Koil Street, Ambattur Estate Rd, Mannurpet, Chennai, Tamil Nadu 600050",,Chamundeshwari ,Principal,,98412 27787,,Career Guidance,No,,Hot,,Saturday,,,Follow up with Principal,Follow up with Principal,Program Confirmed,,,Program confirmed. Saturday follow-up for date confirmation.,
,03-09-2026,Manikandan,Velammal Vidyalaya (CBSE),"Block No, 7, 1st Main Rd, Mogappair West, Mogappair East, Chennai, Tamil Nadu 600037",250,,Management Representative,,044 2653 3312,,Career Guidance,No,,Warm,,,,,,,,,,Almost confirmed; they discussed and will call back today evening.,
,03-09-2026,Manikandan,Velammal Vidyalaya Ayanambakkam (Main Campus) ,"Mel Ayanambakkam Main Rd, Mel Ayanambakkam, Kil Ayanambakkam, Thiruverkadu, Tamil Nadu 600095",,,,, +91 99400 25554 ,,,,,Cold,,,,,,,,,,Got an Appointment to meet principal on Tuesday ,
,03-09-2026,Manikandan,St. Mary's Matriculation Higher Secondory School,"No.3, St Marys Street, Athipet, Kalaivanar Nagar, Udayar Palayam Nagar, Ambattur, Chennai, Tamil Nadu 600058",,,,,,,,,,Cold,,,,,,,,,,They won't encourage this kind of orientation so rejected.,